ID,Type,SKU,"GTIN, UPC, EAN, or ISBN",Name,Published,Is featured?,Visibility in catalog,Short description,Description,Date sale price starts,Date sale price ends,Tax status,Tax class,In stock?,Stock,Low stock amount,Backorders allowed?,Sold individually?,Weight (kg),Length (cm),Width (cm),Height (cm),Allow customer reviews?,Purchase note,Sale price,Regular price,Categories,Tags,Shipping class,Images,Download limit,Download expiry days,Parent,Grouped products,Upsells,Cross-sells,External URL,Button text,Position,Swatches Attributes,Brands,Attribute 1 name,Attribute 1 value(s),Attribute 1 visible,Attribute 1 global,Attribute 2 name,Attribute 2 value(s),Attribute 2 visible,Attribute 2 global,Meta: _wp_page_template,Meta: rank_math_internal_links_processed,Meta: _kp_reading_time,Meta: rank_math_primary_product_cat,Meta: rank_math_news_sitemap_robots,Meta: rank_math_seo_score,Meta: rank_math_primary_product_brand,Meta: rank_math_primary_fb_product_set,Meta: _rank_math_gtin_code,Meta: rank_math_focus_keyword,Meta: rank_math_primary_berocket_brand,Meta: rank_math_description,Meta: rank_math_title,Meta: rank_math_pillar_content,Meta: rank_math_ca_keyword,Meta: rank_math_primary_pwb-brand,Meta: rank_math_canonical_url,Meta: _product_number,Meta: product_number,Meta: _contact_our,Meta: contact_our,Meta: _product_price,Meta: product_price,Meta: _pdf_product,Meta: pdf_product,Meta: _product_on_the_way,Meta: product_on_the_way,Meta: _product_delivery_by_45_days,Meta: product_delivery_by_45_days,Meta: _kp_size_guide,Meta: _kp_enable_custom_tab,Meta: _kp_sidebar_width,Meta: _kp_header_top,Meta: _kp_header,Meta: _kp_header_style,Meta: _kp_header_transparent,Meta: _kp_site_footer,Meta: _kp_footer_copyright,Meta: _kp_is_offer_available,Meta: _kp_is_service_available,Meta: _wpb_post_custom_layout,Meta: _countdown_end_time,Meta: _ris_image_hash,Meta: _wpb_vc_js_status,Meta: _wpb_vc_editor_type,Meta: fb_product_item_id,Meta: _wc_facebook_sync_enabled,Meta: fb_visibility,Meta: fb_product_description,Meta: _wc_facebook_product_image_source,Meta: _wc_facebook_commerce_enabled,Meta: _woo_ctr_select_countdown_timer,Attribute 3 name,Attribute 3 value(s),Attribute 3 visible,Attribute 3 global,Attribute 4 name,Attribute 4 value(s),Attribute 4 visible,Attribute 4 global,Meta: _sale_price_times_from,Meta: _sale_price_times_to,Meta: _woo_ctr_enable_progress_bar,Meta: _woo_ctr_progress_bar_goal,Meta: _woo_ctr_progress_bar_initial,Meta: model_number,Meta: _model_number,Meta: __is_newly_created_product,Meta: _product_image_gallery_tmp,Meta: fb_product_group_id,Meta: _sale_price_old_woo_ctr,Meta: rs_page_bg_color,Meta: rank_math_contentai_score,Attribute 5 name,Attribute 5 value(s),Attribute 5 visible,Attribute 5 global,Attribute 6 name,Attribute 6 value(s),Attribute 6 visible,Attribute 6 global,Attribute 7 name,Attribute 7 value(s),Attribute 7 visible,Attribute 7 global,Attribute 8 name,Attribute 8 value(s),Attribute 8 visible,Attribute 8 global,Meta: rank_math_robots,Meta: no_of_subscribers,Meta: cwg_total_subscribers,Meta: _xoo_waitlist_disable,Meta: _xoo_waitlist_force_show,Meta: _kp_single_product_layout,Attribute 1 default,Attribute 2 default,Meta: cbm,Meta: _cbm,Meta: multiparcels_hs_code,Name_AR,Description_AR,Short_Description_AR
11295,simple,,,UNDERCOUNTER DISHWASHER-LS506M,1,0,visible,"The LS506M Undercounter Dishwasher is a powerful and efficient kitchen appliance designed to simplify and expedite the dishwashing process, making it an indispensable addition to both residential and commercial kitchens.","<p style=""margin-bottom: 0; margin-top: 0px;"">• Electric connection = 3.5 KW/ 230 V - 1N - 50 Hz</p>
\n<p style=""margin: 0; padding-top: 0;"">• Total power = 3,5 KW (P)</p>
\n<p style=""margin: 0; padding-top: 0;"">• Construction = 18/10 stainless steel (AISI 304)</p>
\n<p style=""margin: 0; padding-top: 0;"">• Double wash &amp; rinse arm in stainless steel (M.L.R)</p>
\n<p style=""margin: 0; padding-top: 0;"">• High load capacity = door clearance 365 mm</p>
\n<p style=""margin: 0; padding-top: 0;"">• Micro - switch stops cycle</p>
\n<p style=""margin: 0; padding-top: 0;"">• Wash tank filter designed for easy cleaning</p>
\n<p style=""margin: 0; padding-top: 0;"">• Was tank welded by robot to prevent the building up of deposits</p>
\n<p style=""margin: 0; padding-top: 0;"">• Incoloy corrosion-proof stainless steel heating element</p>
\n<p style=""margin: 0; padding-top: 0;"">• dim: mm 575 x 610 x 820 h</p>
\n<p style=""margin: 0; padding-top: 0;"">• LS506M / MBM / italy made</p>",,,taxable,,0,,,0,0,,,,,0,,,6135,"LAUNDRY & DISH WASHER > Dish Washer Machines, LAUNDRY & DISH WASHER",UNDERCOUNTER DISHWASHER,,https://mariotstore.com/wp-content/uploads/2024/10/Undercounter-DishWasher.jpg,,,,,,,,,0,,MBM,Brand,MBM,1,1,Type of Product,Undercounter Dishwasher,1,1,default,1,1,214,index,61,0,0,,"UNDERCOUNTER DISHWASHER,غسالة أطباق,غسالة صحون,جلاية صحون",,,,,,,,field_60befc9fc0fb7,LS506M,field_6387359a51f50,no,field_6540c7c45e610,no,field_6492d8387acaf,,field_6517fe43bc95f,no,field_6570174679980,no, ,0,default,default,default,default,default,default,default,0,0,default,1734595416,010111011011001100000011000100110110011011101001,false,,,,,,,,,,,,,,,,,,,,,,,,,,,,,,,,,,,,,,,,,,,,,,,,,,,,,,,,,غسالة أطباق تحت الطاولة - LS506M,تعد غسالة الأطباق LS506M جهاز مطبخ قويًا وفعالاً مصممًا لتبسيط وتريع عملية غسل الأطباق، مما يجعلها إضافة لا غنى عنها لكل من المطابخ السكنية والتجارية.,
11297,simple,,,ICE CUBE MAKER MACHINE-CB249A,1,0,visible,"<span style=""color: #ff0000;"">Production: kg. 28 kg/day</span>
\n<span style=""color: #ff0000;"">Storage cap: kg.</span> <span style=""color: #ff0000;"">9</span>
\n<span style=""color: #00aeef;"">Dim: 390 x 460 x h.690 mm</span>
\nCB249A / BREMA / ITALIA","<p style=""margin-bottom: 0; margin-top: 0px;"">• Production: kg. 28 kg/day</p>
\n<p style=""margin: 0; padding-top: 0;"">• Storage cap: kg. 9</p>
\n<p style=""margin: 0; padding-top: 0;"">• Air condensing system</p>
\n<p style=""margin: 0; padding-top: 0;"">• Voltage: 220-240/ 50hz/ 1 phase/ kw 0.37</p>
\n<p style=""margin: 0; padding-top: 0;"">• Made in AISI 304 18/10 stainless steel</p>
\n<p style=""margin: 0; padding-top: 0;"">• Weight (net/gross) 32 kg</p>
\n<p style=""margin: 0; padding-top: 0;"">• Dim: 390 x 460 x h.690 mm</p>
\n<p style=""margin: 0; padding-top: 0;"">• CB249A / BREMA / ITALIA</p>",,,taxable,,1,,,0,0,,,,,0,,,5352.031423,"REFRIGERATION LINE > ICE MAKER & FLAKES, REFRIGERATION LINE",,,https://mariotstore.com/wp-content/uploads/2024/10/cb249a.jpg,,,,,,,,,0,,Brema,Brand,Brema,1,1,Type of Product,Ice Cube Maker Machine,1,1,default,1,1,130,index,49,142,0,,"ICE CUBE MAKER MACHINE-CB249A,ماكينة صنع مكعبات الثلج,ماكينة الثلج",,,,,,,,field_60befc9fc0fb7,CB249A,field_6387359a51f50,no,field_6540c7c45e610,no,field_6492d8387acaf,,field_6517fe43bc95f,no,field_6570174679980,no, ,0,default,default,default,default,default,default,default,0,0,default,1734595138,011000011011011001111001001110011010011000011001,false,,,,,,,,,,,,,,,,,,,,,,,,,,,,,,,,,,,,,,,,,,,,,,,,,,,,,,,,,ماكينة صنع مكعبات الثلج - CB249A,ماكينة صنع ثلج احترافية من الفولاذ المقاوم للصدأ، تنتج 28 كجم يوميًا مع سعة تخزين 9 كجم.,
11299,simple,,,UPRIGHT REFRIGERATOR-AF07EKOMTN,1,0,visible,"&nbsp;
\n<div id=""mttContainer"" class=""notranslate"" style=""transform: translate(252px, 7px);"" aria-expanded=""false""></div>","<p style=""margin-bottom: 0px; margin-top: 0px; text-align: left;"">• cap: 700 ltr</p>
\n<p style=""margin: 0px; padding-top: 0px; text-align: left;"">• 1 stainless steel door</p>
\n<p style=""margin: 0px; padding-top: 0px; text-align: left;"">• 3 wire shelves: 520 x 650 mm</p>
\n<p style=""margin: 0px; padding-top: 0px; text-align: left;"">• stainless steel aisi 304 interior &amp; exterior</p>
\n<p style=""margin: 0px; padding-top: 0px; text-align: left;"">• temperature: -2 ~ +8 °c</p>
\n<p style=""margin: 0px; padding-top: 0px; text-align: left;"">• gas refrigerant: r 404</p>
\n<p style=""margin: 0px; padding-top: 0px; text-align: left;"">• power: 230 v / 50-60 hz / 535 w</p>
\n<p style=""margin: 0px; padding-top: 0px; text-align: left;"">• weight: 150 kg</p>
\n<p style=""margin: 0px; padding-top: 0px; text-align: left;"">• dim: 710 x 800 x 2050 mm</p>
\n<p style=""margin: 0px; padding-top: 0px; text-align: left;"">• AF07EKOMTN / AF07PKMTN / Tecnodom / italy made</p>
\n
\n<div id=""mttContainer"" class=""notranslate"" style=""transform: translate(961px, 0px); text-align: left;"" aria-expanded=""false""></div>",,,taxable,,1,,,0,0,,,,,0,,,5116,"REFRIGERATION LINE > Freezer & Chillers, REFRIGERATION LINE",,,"https://mariotstore.com/wp-content/uploads/2024/10/image-removebg-preview-7.png, https://mariotstore.com/wp-content/uploads/2024/10/UPRIGHT-REFRIGERATOR.jpg",,,,,,,,,0,,Tecnodom,Brand,Tecnodom,1,1,,,,,default,1,1,130,index,47,0,0,,"UPRIGHT REFRIGERATOR-AF07EKOMTN,ثلاجة عمودية,ثلاجة باب واحد",,,,,,,,field_60befc9fc0fb7,AF07EKOMTN / AF07PKMTN,field_6387359a51f50,no,field_6540c7c45e610,no,field_6492d8387acaf,,field_6517fe43bc95f,no,field_6570174679980,no, ,0,default,default,default,default,default,default,default,0,0,default,1734595928,100111110011100110000011100011001000110100110011,true,backend,,,,,,,,,,,,,,,,,,,,,,,,,,,,,,,,,,,,,,,,,,,,,,,,,,,,,,,,ثلاجة عمودية - AF07EKOMTN,ثلاجة عمودية باب واحد سعة 700 لتر، مصنوعة من الفولاذ المقاوم للصدأ بالكامل، مثالية للمطابخ التجارية.,
11302,simple,,,GRINDER-SD06,1,0,visible,"<span style=""color: #00aeef"">Dim: 420 x 280 x 430 mm.</span>
\nSD.06 /EMPERO
\nTURKEY made.","<p style=""margin-bottom: 0;margin-top: 0px"">• cap: 800 gr/run</p>
\n<p style=""margin: 0;padding-top: 0"">• cutting and mixing</p>
\n<p style=""margin: 0;padding-top: 0"">• Stainless steel body &amp; bowl</p>
\n<p style=""margin: 0;padding-top: 0"">• Bowl dim(diameter/depth): 240 110 mm</p>
\n<p style=""margin: 0;padding-top: 0"">• motor power: 300-500 W / 9000 rpm</p>
\n<p style=""margin: 0;padding-top: 0"">• 220 V opeating voltage</p>
\n<p style=""margin: 0;padding-top: 0"">• n.weight: 18 kg / net m3: 0.05</p>
\n<p style=""margin: 0;padding-top: 0"">• dim: 420 x 280 x 430 mm</p>
\n<p style=""margin: 0;padding-top: 0"">• SD.06 /EMPERO
\nTURKEY made</p>",,,taxable,,1,,,0,0,,,,,0,,,1450,"FOOD PROCESSING > Cutter Mixer, FOOD PROCESSING",,,https://mariotstore.com/wp-content/uploads/2024/10/GRINDER-Empero.jpg,,,,,,,,,0,,Empero,Brand,Empero,1,1,Type of Product,Grinder,1,1,default,1,1,0,index,50,0,0,,"GRINDER-SD06,ماكينة حمص,ماكينة حمص 800 kg",,,,,,,,field_60befc9fc0fb7,SD06,field_6387359a51f50,no,field_6540c7c45e610,no,field_6492d8387acaf,,field_6517fe43bc95f,no,field_6570174679980,no, ,0,default,default,default,default,default,default,default,0,0,default,1734595950,110100100111111000111110000110001000100111001100,,,,,,,,,,,,,,,,,,,,,,,,,,,,,,,,,,,,,,,,,,,,,,,,,,,,,,,,,,مطحنة - SD06,مطحنة ومحضر طعام سعة 800 جرام، هيكل ووعاء من الفولاذ المقاوم للصدأ، مثالية لتحضير الحمص والمقبلات.,
11304,simple,,,CUTTER &amp; MIXER- SD01Y,1,0,visible,"<strong>CUTTER &amp; MIXER - SD01Y</strong>
\nThe SD01Y Cutter &amp; Mixer is a versatile kitchen appliance designed for efficient chopping, mixing, and blending. With a powerful motor and durable construction, it delivers consistent results for a variety of food preparation tasks. Ideal for commercial kitchens and catering operations.","<p style=""margin-bottom: 0;margin-top: 0px"">• CUTTER &amp; MIXER</p>
\n<p style=""margin: 0;padding-top: 0"">• Capacity: 6L</p>
\n<p style=""margin: 0;padding-top: 0"">• Motor power:0,37 Kw 1400 rpm -220V</p>
\n<p style=""margin: 0;padding-top: 0"">• voltage: 220V~</p>
\n<p style=""margin: 0;padding-top: 0"">• frequency: 50Hz</p>
\n<p style=""margin: 0;padding-top: 0"">• power: 900W</p>
\n<p style=""margin: 0;padding-top: 0"">• Package size: 320 x 320 x 345 mm</p>
\n<p style=""margin: 0;padding-top: 0"">• Bowl dimension(diameter/depth): 240 mm/180 mm</p>
\n<p style=""margin: 0;padding-top: 0"">• Stainless steel body and bowl</p>
\n<p style=""margin: 0;padding-top: 0"">• Model : SD.01Y /EMPERO/TURKEY MADE</p>",,,taxable,,1,,,0,0,,,,,0,,,1874,"FOOD PROCESSING > Cutter Mixer, FOOD PROCESSING",,,https://mariotstore.com/wp-content/uploads/2024/10/sd01y.png,,,,,,,,,0,,Empero,Brand,Empero,1,1,Type of Product,Cutter & Mixer,1,1,default,1,1,213,index,54,0,0,,"CUTTER & MIXER- SD01Y,ماكينة حمص,خلاط حمص",,,,,,,,field_60befc9fc0fb7,SD01Y,field_6387359a51f50,no,field_6540c7c45e610,no,field_6492d8387acaf,,field_6517fe43bc95f,no,field_6570174679980,no, ,0,default,default,default,default,default,default,default,0,0,default,1734596457,011111001111111000001100000100100011000100110111,false,,,,,,,,,,,,,,,,,,,,,,,,,,,,,,,,,,,,,,,,,,,,,,,,,,,,,,,,,,,
11306,simple,,,CUTTER MIXER-EMP.350,1,0,visible,"<strong>CUTTER MIXER - EMP.350</strong>
\nThe EMP.350 Cutter Mixer combines precision and power to handle chopping, mixing, and emulsifying tasks with ease. Its high-capacity design and robust performance make it ideal for commercial kitchens. Durable and user-friendly, it ensures consistent results for a variety of food preparations.","<p style=""margin-bottom: 0;margin-top: 0px"">• cap: 8 ltr</p>
\n<p style=""margin: 0;padding-top: 0"">• cutting and mixing</p>
\n<p style=""margin: 0;padding-top: 0"">• puree, mix, chop, blend, mix and knead dough</p>
\n<p style=""margin: 0;padding-top: 0"">• Stainless steel body &amp; bowl</p>
\n<p style=""margin: 0;padding-top: 0"">• Bowl dim: 240 x 180 mm</p>
\n<p style=""margin: 0;padding-top: 0"">• motor speed: 900 rpm/min</p>
\n<p style=""margin: 0;padding-top: 0"">• power: 220v / 50hz / 0,37 kw</p>
\n<p style=""margin: 0;padding-top: 0"">• n.weight: 19kg / net m3:0.05</p>
\n<p style=""margin: 0;padding-top: 0"">• dim: 340 x 3260 x 550 mm</p>
\n<p style=""margin: 0;padding-top: 0"">• EMP.350 /EMPERO
\nTURKEY made</p>",,,taxable,,1,,,0,0,,,,,0,,,2054,"FOOD PROCESSING > Cutter Mixer, FOOD PROCESSING",,,https://mariotstore.com/wp-content/uploads/2024/10/emp.350.jpg,,,,,,,,,0,,Empero,Brand,Empero,1,1,Type of Product,Cutter & Mixer,1,1,default,1,1,136,index,47,0,0,,"CUTTER MIXER-EMP.350,كتر خلاط,ماكينة حمص,خلاط حمص",,,,,,,,field_60befc9fc0fb7,EMP.350,field_6387359a51f50,no,field_6540c7c45e610,no,field_6492d8387acaf,,field_6517fe43bc95f,no,field_6570174679980,no, ,0,default,default,default,default,default,default,default,0,0,default,1734595316,011010110011011000010110011100111000110001100011,false,,,,,,,,,,,,,,,,,,,,,,,,,,,,,,,,,,,,,,,,,,,,,,,,,,,,,,,,,,,
11308,simple,,,CUTTER MIXER SD-15,1,0,visible,"<span style=""color: #00aeef;"">Dim: 380 x 630 x 500 mm.</span>
\nSD.15 /EMPERO TURKEY made.","<p style=""margin-bottom: 0; margin-top: 0px;"">• cap: 15 ltr</p>
\n<p style=""margin: 0; padding-top: 0;"">• cutting and mixing</p>
\n<p style=""margin: 0; padding-top: 0;"">• puree, mix, chop, blend, mix and knead dough</p>
\n<p style=""margin: 0; padding-top: 0;"">• Stainless steel body &amp; bowl</p>
\n<p style=""margin: 0; padding-top: 0;"">• Durable circuit timer &amp; digital control panel</p>
\n<p style=""margin: 0; padding-top: 0;"">• Bowl dim(diameter/depth): 290 /220 mm</p>
\n<p style=""margin: 0; padding-top: 0;"">• motor power: 0.60-0.90kw. 750/1500 rpm</p>
\n<p style=""margin: 0; padding-top: 0;"">• 380 V opeating voltage</p>
\n<p style=""margin: 0; padding-top: 0;"">• n.weight: 46 kg / net m3: 0.12</p>
\n<p style=""margin: 0; padding-top: 0;"">• dim: 380 x 630 x 500 mm</p>
\n<p style=""margin: 0; padding-top: 0;"">• SD.15 /EMPERO
\nTURKEY made</p>",,,taxable,,1,,,0,0,,,,,0,,,4700,"FOOD PROCESSING > Cutter Mixer, FOOD PROCESSING",,,https://mariotstore.com/wp-content/uploads/2024/10/CUTTER-MIXER-SD-15.png,,,,,,,,,0,,Empero,Brand,Empero,1,1,Type of Product,Cutter & Mixer,1,1,default,1,1,136,index,47,0,0,,"CUTTER MIXER SD-15,ماكينة حمص,ماكينة حمص المطاعم,ماكينة حمص للبيع السوق المفتوح",,,,,,,,field_60befc9fc0fb7,SD-15,field_6387359a51f50,no,field_6540c7c45e610,no,field_6492d8387acaf,,field_6517fe43bc95f,no,field_6570174679980,no, ,0,default,default,default,default,default,default,default,0,0,default,1734595284,001011001111001101001100001011001111001010011001,true,backend,9087194161367059,yes,yes,,product,no,,,,,,,,,,,,,,,,,,,,,,,,,,,,,,,,,,,,,,,,,,,,,,,,,,,,
11310,simple,,,VEGETABLE PREP MACHINE-EMP300,1,0,visible,"<strong>VEGETABLE PREP MACHINE - EMP300</strong>
\nThe EMP300 vegetable prep machine is a versatile and efficient solution for commercial kitchens. Designed to handle a variety of slicing, dicing, and shredding tasks, it ensures consistent results and saves valuable prep time. Durable, easy to operate, and perfect for high-volume food preparation.","<p style=""margin-bottom: 0; margin-top: 0px;"">• cap: 300 kg/h for slicing</p>
\n<p style=""margin: 0; padding-top: 0;"">• with four multi discs</p>
\n<p style=""margin: 0; padding-top: 0;"">• Stainless steel blades &amp; body</p>
\n<p style=""margin: 0; padding-top: 0;"">• Blades can be easily removed for cleaning</p>
\n<p style=""margin: 0; padding-top: 0;"">• Safety switch</p>
\n<p style=""margin: 0; padding-top: 0;"">• Motor power:0.37 Kw 900 rpm -220 V</p>
\n<p style=""margin: 0; padding-top: 0;"">• N.W; 29 kg / net m3 0.07 kg</p>
\n<p style=""margin: 0; padding-top: 0;"">• dim: 260 x 560 x 500 mm</p>
\n<p style=""margin: 0; padding-top: 0;"">• EMP.300 / TURKEY made</p>",,,taxable,,1,,,0,0,,,,,0,,2199,3300,"FOOD PROCESSING, FOOD PROCESSING > Vegtable Equipment",,,https://mariotstore.com/wp-content/uploads/2024/10/VEGETABLE-PREP-MACHINE-EMP300.png,,,,,,,,,0,,Empero,Brand,Empero,1,1,,,,,default,1,1,0,index,47,0,0,,"VEGETABLE PREP MACHINE-EMP300,ماكينة تحضير الخضار,ماكينة تقطيع الخضار للمطاعم,قطاعة خضار",,,,,,,,field_60befc9fc0fb7,EMP300,field_6387359a51f50,no,field_6540c7c45e610,no,field_6492d8387acaf,,field_6517fe43bc95f,no,field_6570174679980,no, ,0,default,default,default,default,default,default,default,0,0,default,1734595284,100111011011000110001001001011000110011010011110,true,backend,,,,,,,,,,,,,,,,,,,,,,,,,,,,,,,,,,,,,,,,,,,,,,,,,,,,,,,,,,
11312,simple,,,CUTTER MIXER SD-07,1,0,visible,"<span style=""color: #00aeef"">Dim: 340 x 600 x 1030 mm.</span>
\nSD.07/EMPERO
\nTURKEY made.","<p style=""margin-bottom: 0;margin-top: 0px"">• Cutter mixer</p>
\n<p style=""margin: 0;padding-top: 0"">• cap: 20 ltr</p>
\n<p style=""margin: 0;padding-top: 0"">• cutting &amp; mixing: puree, mix, chop, blend, mix &amp; knead dough</p>
\n<p style=""margin: 0;padding-top: 0"">• Stainless steel body &amp; bowl</p>
\n<p style=""margin: 0;padding-top: 0"">• Easy removable blade &amp; bowl</p>
\n<p style=""margin: 0;padding-top: 0"">• Double circuit timer &amp; digital control panel</p>
\n<p style=""margin: 0;padding-top: 0"">• Safety switch</p>
\n<p style=""margin: 0;padding-top: 0"">• Motor power:1/1.7 Kw 750/ 1500 rpm -380 V</p>
\n<p style=""margin: 0;padding-top: 0"">• N.W: 52 kg. / net m3 0.21 kg</p>
\n<p style=""margin: 0;padding-top: 0"">• dim: 340 x 600 x 1030 mm</p>
\n<p style=""margin: 0;padding-top: 0"">• SD.07/EMPERO
\nTURKEY made</p>",,,taxable,,1,,,0,0,,,,,1,,,6224,"FOOD PROCESSING > Cutter Mixer, FOOD PROCESSING, Special Offer",,,"https://mariotstore.com/wp-content/uploads/2024/10/sd07-1.jpg, https://mariotstore.com/wp-content/uploads/2024/10/sd07.jpg",,,,,,,,,0,,Empero,Brand,Empero,1,1,Type of Product,Cutter & Mixer,1,1,default,1,1,136,index,47,0,0,,"CUTTER MIXER SD-07,ماكينة حمص,ماكينة حمص المطاعم",,,,,,,,field_60befc9fc0fb7,SD-07,field_6387359a51f50,no,field_6540c7c45e610,no,field_6492d8387acaf,,field_6517fe43bc95f,no,field_6570174679980,no, ,0,default,default,default,default,default,default,default,0,0,default,1734595756,110000001100010011011001100110011011000111100111,false,,29091432833789515,yes,yes,,product,no,salescountdowntimer,,,,,,,,,,,,,,,,,,,,,,,,,,,,,,,,,,,,,,,,,,,,,,,,,,,
11325,simple,,,CONVEYOR WASHING MACHINE-LTD821D,1,0,visible,"Max productivity (basket/hour) 60-120
\n<span style=""color: #00aeef;"">Dimension: 115 x 77 x 162 CM</span>
\nLTD821D/MBM/ITALY","<p style=""; margin-bottom: 0; margin-top: 0px;"">• Max productivity (basket/hour) 60-120</p>
\n<p style=""; margin: 0; padding-top: 0;"">• Hot water Power (kW) 13,5</p>
\n<p style=""; margin: 0; padding-top: 0;"">• Cold water Power (kW) 22,5</p>
\n<p style=""; margin: 0; padding-top: 0;"">• Cold water Power with regenerator (kW) 18</p>
\n<p style=""; margin: 0; padding-top: 0;"">• Washing pump capacity (kW) 750</p>
\n<p style=""; margin: 0; padding-top: 0;"">• Drying-power (kW) 6</p>
\n<p style=""; margin: 0; padding-top: 0;"">• Prewashing pump capacity (kW) -
\nWater consumption rinsing (lt/hour) 180</p>
\n<p style=""; margin: 0; padding-top: 0;"">• Drying-fan capacity (m3/hour) 1400</p>
\n<p style=""; margin: 0; padding-top: 0;"">• Weight (kg) 200</p>
\n<p style=""; margin: 0; padding-top: 0;"">• Volume (m3) 1.39</p>
\n<p style=""; margin: 0; padding-top: 0;"">• Power (kW) 23</p>
\n<p style=""; margin: 0; padding-top: 0;"">• Supply (N) 400V 3N 50H</p>
\n<p style=""; margin: 0; padding-top: 0;"">• External dimensions - 115 x 77 x 162 CM</p>
\n<p style=""; margin: 0; padding-top: 0;"">• LTD821D/MBM/ITALY</p>",,,taxable,,1,,,0,0,,,,,1,,,48400,"LAUNDRY & DISH WASHER > Dish Washer Machines, LAUNDRY & DISH WASHER, MBM SALE",,,"https://mariotstore.com/wp-content/uploads/2024/10/LTD821D.jpg, https://mariotstore.com/wp-content/uploads/2024/10/CONVEYOR-WASHING-MACHINE-LTD821D.jpg",,,,,,,,,0,,MBM,Brand,MBM,1,1,Type of Product,Conveyor Washing Machine,1,1,default,1,1,214,index,49,0,0,,"CONVEYOR WASHING MACHINE-LTD821D,غسالة صحون,غسالة صحون كنفري,جلية صحون",,,,,,,,field_60befc9fc0fb7,LTD821D,field_6387359a51f50,no,field_6540c7c45e610,no,field_6492d8387acaf,,field_6517fe43bc95f,no,field_6570174679980,no, ,0,default,default,default,default,default,default,default,0,0,default,1734596877,010111111001010010100001100010010100011111111000,false,,,,,,,,,,,,,,,,,,,,,,,,,,,,,,,,,,,,,,,,,,,,,,,,,,,,,,,,,,,
11328,simple,,,HOODTYPE DISHWASHER-LK606,1,0,visible,"<span style=""color: #00aeef;"">Dimension: 635 x 745 x 1530 h</span>
\nLK606 / MBM / Italy made.","<p style=""margin-bottom: 0; margin-top: 0px;"">• w/ Electronic Control</p>
\n<p style=""margin: 0; padding-top: 0;"">• Electric connection = 400 V - 3N - 50 Hz</p>
\n<p style=""margin: 0; padding-top: 0;"">• Total power = 8,5 KW (P)</p>
\n<p style=""margin: 0; padding-top: 0;"">• 3 Cycles</p>
\n<p style=""margin: 0; padding-top: 0;"">• Double wash &amp; rinse arm in stainless steel (M.L.R)</p>
\n<p style=""margin: 0; padding-top: 0;"">• AISI 304 steel structure w/ fine satin finish</p>
\n<p style=""margin: 0; padding-top: 0;"">• Tank: double wall, stamped, AISI 304 steel</p>
\n<p style=""margin: 0; padding-top: 0;"">• Machine operation by start button / by closing the hood</p>
\n<p style=""margin: 0; padding-top: 0;"">• Wash &amp; Rinse Temperature</p>
\n<p style=""margin: 0; padding-top: 0;"">• Net weight: 135 kg</p>
\n<p style=""margin: 0; padding-top: 0;"">• dim: mm 635 x 745 x 1530 h</p>
\n<p style=""margin: 0; padding-top: 0;"">• LK606 / MBM / Italy made</p>",,,taxable,,0,,,0,0,,,,,1,,,9000,"LAUNDRY & DISH WASHER > Dish Washer Machines, Fabrication, LAUNDRY & DISH WASHER, MBM SALE, sale, Special Offer",,,,,,,,,,,,0,,MBM,Brand,MBM,1,1,Type of Product,Conveyor Dish Washer,1,1,default,1,1,214,index,49,0,0,,"HOODTYPE DISHWASHER-LK606,غسالة أطباق من هودتايب,غسالة أطباق",0,,,,,,,field_60befc9fc0fb7,LK606,field_6387359a51f50,no,field_6540c7c45e610,no,field_6492d8387acaf,,field_6517fe43bc95f,no,field_6570174679980,no, ,0,default,default,default,default,default,default,default,0,0,default,1734596255,011000100110111001110100110100100110010011100110,false,,,,,,,,salescountdowntimer,,,,,,,,,,,,,,,,,,,,,,,,,,,,,,,,,,,,,,,,,,,,,,,,,,,
11330,simple,,,ESPRESSO CAPPUCCINO MACHINE 2GR-PRESTIGE,1,0,visible,"2 group/automatic
\nBoiler capacity: 13.5 lt
\n<span style=""color: #00aeef;"">Dim: 725 x 545 x 520 mm.</span>
\nPRESTIGE / SAB ESPRESSO/ italy made.","<p style=""margin-bottom: 0; margin-top: 0px;"">• 2 group/automatic</p>
\n<p style=""margin: 0; padding-top: 0;"">• boiler capacity: 13.5 lt / color: red/black/white</p>
\n<p style=""margin: 0; padding-top: 0;"">• Automatic or semiautomatic coffee &amp; hot water portion control</p>
\n<p style=""margin: 0; padding-top: 0;"">• Bodywork all S/S w/ painted iron parts (black / white / red)</p>
\n<p style=""margin: 0; padding-top: 0;"">• Stainless steel steam and water wands</p>
\n<p style=""margin: 0; padding-top: 0;"">• Coffee pre-infusion system &amp; thermosiphon system</p>
\n<p style=""margin: 0; padding-top: 0;"">• Copper boiler (Cu 99,5) w/ anti-oxidation treatment</p>
\n<p style=""margin: 0; padding-top: 0;"">• The drip tray can be set to two different levels to accommodate different size of cups/glasses</p>
\n<p style=""margin: 0; padding-top: 0;"">• Weight: 60 kg</p>
\n<p style=""margin: 0; padding-top: 0;"">• thermal power: 3000 watt</p>
\n<p style=""margin: 0; padding-top: 0;"">• Voltz : 220-240 V / 1 N / 50-60 Hz</p>
\n<p style=""margin: 0; padding-top: 0;"">• Dim: 725 x 545 x 520 mm ( w+d+h)</p>
\n<p style=""margin: 0; padding-top: 0;"">• PRESTIGE / SAB ESPRESSO/ italy made</p>",,,taxable,,1,,,0,0,,,,,1,,,9558,"COFFEE & BAR LINE, COFFEE & BAR LINE > Coffee Machines, Special Offer",,,"https://mariotstore.com/wp-content/uploads/2024/10/ESPRESSO-CAPPUCCINO-MACHINE-2GR-PRESTIGE.png, https://mariotstore.com/wp-content/uploads/2024/10/sab-prestige-white.jpg, https://mariotstore.com/wp-content/uploads/2024/10/PRESTIGE-SAB-ESPRESSO.jpg",,,,,,,,,0,,SAB,Brand,SAB,1,1,Color,"Red, Black, White",1,0,default,1,1,125,index,49,0,0,,"ESPRESSO CAPPUCCINO MACHINE 2GR-PRESTIGE,ماكينة اسبريسو كابتشينو,ماكينة اسبريسو ساب",,,,,,,,field_60befc9fc0fb7,2GR-PRESTIGE,field_6387359a51f50,no,field_6540c7c45e610,no,field_6492d8387acaf,,field_6517fe43bc95f,no,field_6570174679980,no, ,0,default,default,default,default,default,default,default,0,0,default,1734595403,110101011010110010100000111100101110010000011110,false,,9310109625693837,,,,,,salescountdowntimer,Type of Product,Espresso Cappuccino Machine,1,1,,,,,,,,,,,,,,,,,,,,,,,,,,,,,,,,,,,,,,,,,,,,,,,
11334,simple,,,ELECTRIC PIZZA OVEN-BASIC 44,1,0,visible,"The ELECTRIC PIZZA OVEN-BASIC 44 is a compact, efficient oven designed for making delicious pizzas with ease. Featuring a user-friendly interface and rapid heating capabilities, it ensures even cooking for perfectly crispy crusts and melty toppings every time. Ideal for both home and small commercial use.","<p style=""margin-bottom: 0; margin-top: 0px;"">• Baking chamber 2</p>
\n<p style=""margin: 0; padding-top: 0;"">• Double deck pizza oven Professional electric ovens provided w/ cooking chamber projected &amp; optimized for pizzas w/ diameter of 30 cm. Control throughout independent mechanical thermostats for both oven top &amp; bedplate, high-density evaporated dried mineral wool insulation, cooking surface in refractory stone, pyrometer &amp; internal halogen illumination</p>
\n<p style=""margin: 0; padding-top: 0;"">• Temperature: 50/500 c</p>
\n<p style=""margin: 0; padding-top: 0;"">• Power: 9.6 KW/ 230V/ Single phase</p>
\n<p style=""margin: 0; padding-top: 0;"">• Weight 91 kg</p>
\n<p style=""margin: 0; padding-top: 0;"">• Internal Dim: 700 x 700mm ( 27.6”x 27.6”) deck</p>
\n<p style=""margin: 0; padding-top: 0;"">• External dim: 925 x 835 x 545 cm / w,d,h</p>
\n<p style=""margin: 0; padding-top: 0;"">• BASIC 44 / GGF s.rl./ italy made</p>",,,taxable,,1,,,0,0,,,,,0,,,5315.2,"BAKERY LINE, BAKERY LINE > Bakery Oven",,,"https://mariotstore.com/wp-content/uploads/2024/10/ELECTRIC-PIZZA-OVEN-BASIC-44.jpg, https://mariotstore.com/wp-content/uploads/2024/10/ELECTRIC-PIZZA-OVEN-BASIC-44.png",,,,,,,,,0,,GGF,Brand,GGF,1,1,Temp,50/500 c,1,1,default,1,1,0,index,59,0,0,,"ELECTRIC PIZZA OVEN-BASIC 44,فرن البيتزا الكهربائية,فرن جي جي اف,فرن بيتزا",,,,,,,,field_60befc9fc0fb7,BASIC 44,field_6387359a51f50,no,field_6540c7c45e610,no,field_6492d8387acaf,,field_6517fe43bc95f,no,field_6570174679980,no, ,0,default,default,default,default,default,default,default,0,0,default,1734595667,110100011110110010111000010001110110010010110100,false,,,,,,,,,Type of Product,Oven,1,1,,,,,,,,,,,,,,,,,,,,,,,,,,,,,,,,,,,,,,,,,,,,,,,
11337,simple,,,ELECTRIC PIZZA OVEN E-START 4,1,0,visible,"The ELECTRIC PIZZA OVEN-E-START 4 is a versatile and reliable oven designed for quick and consistent pizza baking. With its compact size and easy-to-use controls, it offers even heat distribution for perfectly baked pizzas. Ideal for beginners and small businesses, it's the perfect starter oven for those looking to make great pizzas with minimal effort.","<p style=""margin-bottom: 0; margin-top: 0px;"">• Baking chamber 1</p>
\n<p style=""margin: 0; padding-top: 0;"">• Pizza Cap: 4 / Pizza Dim: 30cm</p>
\n<p style=""margin: 0; padding-top: 0;"">• Professional electric ovens provided w/ cooking chamber projected &amp; optimized for pizzas w/ diameter of 30 cm. Fronts available in S/S or rustic version. Control throughout independent mechanical thermostats for both oven top and bedplate, high-density evaporated dried mineral wool insulation, cooking surface in refractory stone, pyrometer &amp; internal halogen illumination</p>
\n<p style=""margin: 0; padding-top: 0;"">• Temperature: 50/500 c</p>
\n<p style=""margin: 0; padding-top: 0;"">• Power: 4.2 KW/ 230V/ Single phase</p>
\n<p style=""margin: 0; padding-top: 0;"">• Net weight: 78 kg</p>
\n<p style=""margin: 0; padding-top: 0;"">• Internal Dim: 610 x 610 x 140</p>
\n<p style=""margin: 0; padding-top: 0;"">• External dim: 900 x 735 x 420 cm / w,d,h</p>
\n<p style=""margin: 0; padding-top: 0;"">• E-START 4 / GGF s.r.l./ italy made</p>",,,taxable,,1,,,0,0,,,,,0,,,3862.32,"BAKERY LINE, BAKERY LINE > Bakery Oven",,,"https://mariotstore.com/wp-content/uploads/2024/10/ELECTRIC-PIZZA-OVEN-E-START-4.jpg, https://mariotstore.com/wp-content/uploads/2024/10/OVEN-E-START-4.jpg",,,,,,,,,0,,GGF,Brand,GGF,1,1,Electric/Gas,Electric,1,1,default,1,1,0,index,26,0,0,,"ELECTRIC PIZZA OVEN-E-START 4,فرن البيتزا الكهربائي,فرن بيتزا جي جي اف,جي جي اف",,,,,,,,field_60befc9fc0fb7,E-START 4,field_6387359a51f50,no,field_6540c7c45e610,no,field_6492d8387acaf,,field_6517fe43bc95f,no,field_6570174679980,no, ,0,default,default,default,default,default,default,default,0,0,default,1734595606,110101011100110010101000010010110110010010110110,false,,,,,,,,,Series,Table Top,1,1,Type of Product,Oven,1,1,,,,,,,,,,,,,,,,,,,,,,,,,,,,,,,,,,,,,,,,,,,
11340,simple,,,ELECTRIC PIZZA OVEN E-START 44,1,0,visible,"The ELECTRIC PIZZA OVEN-E-START 44 is a high-performance oven engineered for efficient and consistent pizza baking. Featuring dual baking chambers and precision temperature control, it ensures even cooking for large batches. Perfect for small to medium-sized pizzerias or serious home chefs, this oven delivers professional-quality results with ease.","<p style=""margin-bottom: 0; margin-top: 0px;"">• Baking chamber 2+2</p>
\n<p style=""margin: 0; padding-top: 0;"">• Pizza Cap: 4+4 / Pizza Dim: 30cm</p>
\n<p style=""margin: 0; padding-top: 0;"">• Professional electric ovens provided w/ cooking chamber projected &amp; optimized for pizzas w/ diameter of 30 cm. Fronts available in S/S or rustic version. Control throughout independent mechanical thermostats for both oven top and bedplate, high-density evaporated dried mineral wool insulation, cooking surface in refractory stone, pyrometer &amp; internal halogen illumination</p>
\n<p style=""margin: 0; padding-top: 0;"">• Temperature: 50/500 c</p>
\n<p style=""margin: 0; padding-top: 0;"">• Power: 8.4 KW/ 230V/ Single phase</p>
\n<p style=""margin: 0; padding-top: 0;"">• Net weight: 135 kg</p>
\n<p style=""margin: 0; padding-top: 0;"">• Internal Dim: 2*610 x 610 x 140</p>
\n<p style=""margin: 0; padding-top: 0;"">• External dim: 900 x 735 x 750 cm / w,d,h</p>
\n<p style=""margin: 0; padding-top: 0;"">• E-START 44 / GGF s.r.l./ italy made</p>",,,taxable,,1,,,0,0,,,,,0,,,5740.02,"BAKERY LINE, BAKERY LINE > Bakery Oven",,,"https://mariotstore.com/wp-content/uploads/2024/10/ggf-pizza-oven-e-start-44.jpg, https://mariotstore.com/wp-content/uploads/2024/10/ELECTRIC-PIZZA-OVEN-E-START-44.jpg",,,,,,,,,0,,GGF,Brand,GGF,1,1,Type of Product,Oven,1,1,default,1,1,0,index,26,0,0,,"ELECTRIC PIZZA OVEN-E-START 44,فرن البيتزا الكهربائي,فرن بيتزا",,,,,,,,field_60befc9fc0fb7,E-START 44,field_6387359a51f50,no,field_6540c7c45e610,no,field_6492d8387acaf,,field_6517fe43bc95f,no,field_6570174679980,no, ,0,default,default,default,default,default,default,default,0,0,default,1734595550,110101011110110010101010010001110111000000110100,false,,,,,,,,,,,,,,,,,,,,,,,,,,,,,,,,,,,,,,,,,,,,,,,,,,,,,,,,,,,
11343,simple,,,GAS PIZZA OVEN G4,1,0,visible,"The GAS PIZZA OVEN-G4 is a high-efficiency pizza oven designed for commercial use. It features a gas-powered heating system that provides consistent and even heat distribution, ensuring perfectly cooked pizzas every time. The G4 model includes a spacious cooking chamber with a durable, heat-resistant interior, allowing for multiple pizzas to be baked simultaneously. Its user-friendly controls and adjustable temperature settings offer precise cooking control, making it ideal for pizzerias and restaurants. The oven's sleek design and robust construction ensure both reliability and style in any kitchen setting.","<p style=""margin-bottom: 0; margin-top: 0px;"">• Baking chamber 1</p>
\n<p style=""margin: 0; padding-top: 0;"">• Pizza Cap: 4 / Pizza Dim: 30cm</p>
\n<p style=""margin: 0; padding-top: 0;"">• Working temp: 50 - 500 °c</p>
\n<p style=""margin: 0; padding-top: 0;"">• Voltage: 230/ 1/50 V/Hz</p>
\n<p style=""margin: 0; padding-top: 0;"">• Absorption: 11.954 kCal/h</p>
\n<p style=""margin: 0; padding-top: 0;"">• Natural gas consumption: 1470 (m3 / h)</p>
\n<p style=""margin: 0; padding-top: 0;"">• LPG consumption: 1087 (Kg / h)</p>
\n<p style=""margin: 0; padding-top: 0;"">• Weight: 115 kg</p>
\n<p style=""margin: 0; padding-top: 0;"">• Internal dim: 620 x 620 x 155 mm</p>
\n<p style=""margin: 0; padding-top: 0;"">• External dim: 1000 x 840 x 470 mm</p>
\n<p style=""margin: 0; padding-top: 0;"">• G4/ GGF s.r.l./ italy made</p>",,,taxable,,1,,,0,0,,,,,0,,,9781.2,"BAKERY LINE, BAKERY LINE > Bakery Oven",,,https://mariotstore.com/wp-content/uploads/2024/10/GAS-PIZZA-OVEN-G4.jpg,,,,,,,,,0,,GGF,Brand,GGF,1,1,Electric/Gas,Gas,1,1,default,1,1,0,index,25,0,0,,"GAS PIZZA OVEN-G4,فرن بيتزا,فرن بيتزا غاز",,,,,,,,field_60befc9fc0fb7,G4,field_6387359a51f50,no,field_6540c7c45e610,no,field_6492d8387acaf,,field_6517fe43bc95f,no,field_6570174679980,no, ,0,default,default,default,default,default,default,default,0,0,default,1734595072,110100011010010010111001011011010001101001001011,false,,,,,,,,,Type of Product,Oven,1,1,,,,,,,,,,,,,,,,,,,,,,,,,,,,,,,,,,,,,,,,,,,,,,,
11345,simple,,,TABLE TOP DOUGH SHEETER-500SM,1,0,visible,"The TABLE TOP DOUGH SHEETER-500SM is a compact and efficient machine designed for small to medium-scale dough preparation. It features a table-top design that saves space while offering powerful performance. The 500SM model includes adjustable rollers to control dough thickness and consistency, making it ideal for various baked goods. Its user-friendly controls and durable construction ensure reliable operation and easy maintenance, making it a practical choice for bakeries, pizzerias, and pastry shops.","<p style=""margin-bottom: 0; margin-top: 0px;"">• Pasta thickness: 0.1 28 mm</p>
\n<p style=""margin: 0; padding-top: 0;"">• Dough per cycle: 4 kg</p>
\n<p style=""margin: 0; padding-top: 0;"">• folding structure, easily moving and saving space</p>
\n<p style=""margin: 0; padding-top: 0;"">• Power: 0.37 kw. / 230-V / 50 hz / single phase</p>
\n<p style=""margin: 0; padding-top: 0;"">• weight: 70 kg</p>
\n<p style=""margin: 0; padding-top: 0;"">• Close dim: 300 x 827 mm</p>
\n<p style=""margin: 0; padding-top: 0;"">• Open dim: 827 x 972 x 477 mm</p>
\n<p style=""margin: 0; padding-top: 0;"">• EASY 500SM/ GGF s.r.l./ italy made</p>",,,taxable,,1,,,0,0,,,,,0,,,9266.4,"BAKERY LINE, BAKERY LINE > Rolling Machine",,,https://mariotstore.com/wp-content/uploads/2024/10/TABLE-TOP-DOUGH-SHEETER-500SM.jpg,,,,,,,,,0,,GGF,Brand,GGF,1,1,Type of Product,Dough Sheeter,1,1,default,1,1,0,index,60,0,0,,"TABLE TOP DOUGH SHEETER-500SM,رقاقة عجين توضع على الطاولة-500سم,فرادة عجين",,,,,,,,field_60befc9fc0fb7,EASY 500SM,field_6387359a51f50,no,field_6540c7c45e610,no,field_6492d8387acaf,,field_6517fe43bc95f,no,field_6570174679980,no, ,0,default,default,default,default,default,default,default,0,0,default,1734595494,011010110000111001010011110011001011000010011101,false,,,,,,,,,,,,,,,,,,,,,,,,,,,,,,,,,,,,,,,,,,,,,,,,,,,,,,,,,,,
11347,simple,,,On Stand Dough Sheeter - GP 500/1000,1,0,visible,"The On Stand Dough Sheeter - GP 500/1000 is a versatile and efficient machine designed for commercial bakeries and food production facilities. This dough sheeter features a robust stand for stability and ease of use. It can handle a wide range of dough types and thicknesses, thanks to its adjustable rollers. The GP 500/1000 model offers precise control over dough consistency and thickness, ensuring uniform results for various baked goods. Its durable construction and user-friendly design make it an essential tool for high-volume dough processing.","<p style=""margin-bottom: 0; margin-top: 0px;"">• Pasta thickness: 0.1 34 mm</p>
\n<p style=""margin: 0; padding-top: 0;"">• Dough per cycle: 8 kg</p>
\n<p style=""margin: 0; padding-top: 0;"">• Folding structure, easily moving, and saving space</p>
\n<p style=""margin: 0; padding-top: 0;"">• Power: 0.55 kw. / 230-V / 50 hz / single phase</p>
\n<p style=""margin: 0; padding-top: 0;"">• Speed: 1/2</p>
\n<p style=""margin: 0; padding-top: 0;"">• weight: 143 kg</p>
\n<p style=""margin: 0; padding-top: 0;"">• Open dim: 955 x 2450 x 1280 mm</p>
\n<p style=""margin: 0; padding-top: 0;"">• GP 500/1000/ GGF s.r.l./ italy made</p>",,,taxable,,1,,,0,0,,,,,0,,,17099.28,"BAKERY LINE, BAKERY LINE > Rolling Machine",,,"https://mariotstore.com/wp-content/uploads/2024/10/ggf-500-1000.jpg, https://mariotstore.com/wp-content/uploads/2024/10/ON-STAND-DOUGH-SHEETER-GP-500.jpg",,,,,,,,,0,,GGF,Brand,GGF,1,1,Type of Product,Dough Sheeter,1,1,default,1,1,0,index,54,0,0,,"On Stand Dough Sheeter - GP 500/1000,فرادة العجين على ستاند,فرادة العجين,رقاقة العجين,ماكينة تمديد العجين",,,,,,,,field_60befc9fc0fb7,GP 500/1000,field_6387359a51f50,no,field_6540c7c45e610,no,field_6492d8387acaf,,field_6517fe43bc95f,no,field_6570174679980,no, ,0,default,default,default,default,default,default,default,0,0,default,1734595646,110011010010011011001010011001111000111000110001,false,,,,,,,,,,,,,,,,,,,,,,,,,,,,,,,,,,,,,,,,,,,,,,,,,,,,,,,,,,,
11350,variable,,,SAB ESPRESSO CAPPUCCINO MACHINE,1,0,visible,"The SAB Espresso Cappuccino Machine, also known as MAIK1PM3IL, MAIK1PM3NO, is a professional-grade appliance crafted for espresso and cappuccino aficionados. With its robust design and advanced features, it delivers precise control over the brewing process, ensuring consistently rich espresso and creamy cappuccino. Equipped with advanced functionalities, it's ideal for both home and commercial use. Its user-friendly interface and durable construction make it a reliable choice for those seeking exceptional coffee experiences.","<p style=""margin-bottom: 0; margin-top: 0px;"">• Espresso cappuccino machine</p>
\n<p style=""margin: 0; padding-top: 0;"">• 1 group / semi automatic</p>
\n<p style=""margin: 0; padding-top: 0;"">• boiler capacity: 1.5 lt</p>
\n<p style=""margin: 0; padding-top: 0;"">• Manual portion control</p>
\n<p style=""margin: 0; padding-top: 0;"">• Bodywork all stainless steel or w/ painted iron –stainless steel arms</p>
\n<p style=""margin: 0; padding-top: 0;"">• Water tank capacity 3 lt</p>
\n<p style=""margin: 0; padding-top: 0;"">• Warning to lack the water in tank</p>
\n<p style=""margin: 0; padding-top: 0;"">• Thermosiphon system</p>
\n<p style=""margin: 0; padding-top: 0;"">• Weight : 17 kg</p>
\n<p style=""margin: 0; padding-top: 0;"">• thermal power : 1100 watt</p>
\n<p style=""margin: 0; padding-top: 0;"">• voltz : 220-240 V / 1 N / 50-60 hz</p>
\n<p style=""margin: 0; padding-top: 0;"">• Dim: 250 x 340 x 410 mm ( w+d+h)</p>
\n<p style=""margin: 0; padding-top: 0;"">• MAIKA / SAB ESPRESSO
\nitaly made</p>",,,taxable,,1,,,0,0,,,,,0,,,,"COFFEE & BAR LINE, COFFEE & BAR LINE > Coffee Machines",,,"https://mariotstore.com/wp-content/uploads/2025/07/MAIK1PM3NO.jpg, https://mariotstore.com/wp-content/uploads/2024/10/MAIKA.png",,,,,,,,,0,,SAB,Brand,SAB,1,1,Type of Product,Espresso Cappuccino Machine,1,1,default,1,1,125,index,10,0,0,,"SAB ESPRESSO CAPPUCCINO MACHINE-MAIK1PM3IL,ماكينة ساب اسبريسو كابتشينو,ماكينة اسبريسو مجموعة واحد,ماكينة اسبريسو",,,,,,,,field_60befc9fc0fb7,,field_6387359a51f50,no,field_6540c7c45e610,no,field_6492d8387acaf,,field_6517fe43bc95f,no,field_6570174679980,no, ,0,default,default,default,default,default,default,default,0,0,default,1734595582,110101011010110010010011010100101010000111001011,false,,,,,,,,salescountdowntimer,Color,"Black, Red",1,1,Model,"MAIK1PM3IL, MAIK1PM3NO",1,1,00:00,00:00,,,,,field_60befc9fc0fb7,,,,,,,,,,,,,,,,,,,,,,,,,,,,,,,,,,,,
11353,simple,,,ESPRESSO CAPPUCCINO MACHINE,1,0,visible,"The ESPRESSO CAPPUCCINO MACHINE-1GR-PRESTIGE is a premium espresso and cappuccino maker designed for discerning coffee enthusiasts. With its sleek design and advanced features, it offers precise control over the brewing process, ensuring consistently rich espresso and velvety cappuccino. Equipped with a single group, it's perfect for home or small-scale use. Its user-friendly interface and high-quality construction make it a standout choice for those who appreciate both style and performance in their coffee appliances.","<p style=""margin-bottom: 0;margin-top: 0px"">• Espresso cappuccino machine</p>
\n<p style=""margin: 0;padding-top: 0"">• 1 group / automatic</p>
\n<p style=""margin: 0;padding-top: 0"">• boiler capacity: 6 lt / / Color: Red, White, Black</p>
\n<p style=""margin: 0;padding-top: 0"">• Automatic or semiautomatic coffee &amp; hot water portion control</p>
\n<p style=""margin: 0;padding-top: 0"">• Bodywork all S/S w/ painted iron parts (black / white / red)</p>
\n<p style=""margin: 0;padding-top: 0"">• Stainless steel steam and water wands</p>
\n<p style=""margin: 0;padding-top: 0"">• Coffee pre-infusion system &amp; thermosiphon system</p>
\n<p style=""margin: 0;padding-top: 0"">• Copper boiler (Cu 99,5) w/ anti-oxidationtreatment</p>
\n<p style=""margin: 0;padding-top: 0"">• The drip tray can be set to two different levels to accommodate different size of cups / glasses</p>
\n<p style=""margin: 0;padding-top: 0"">• Weight : 30 kg</p>
\n<p style=""margin: 0;padding-top: 0"">• thermal power : 2000 watt</p>
\n<p style=""padding-top: 0"">• voltz : 220-240 V / 1 N / 50-60 hz</p>
\n•Dim: 430 x 545 x 520 mm ( w+d+h)
\n<p style=""margin: 0;padding-top: 0""></p>",,,taxable,,1,,,0,0,,,,,0,,5999,7832.88,"COFFEE & BAR LINE, COFFEE & BAR LINE > Coffee Machines",,,https://mariotstore.com/wp-content/uploads/2024/10/Untitled-4.png,,,,,,,,,0,,SAB,Brand,"SAB, COFEE MACHINE",1,1,Type of Product,Espresso Cappuccino Machine,1,1,default,1,1,125,index,16,0,0,,"ESPRESSO CAPPUCCINO MACHINE-1GR-PRESTIGE,ماكينة اسبريسو كابتشينو,ماكينة اسبريسو",,,,,,,,field_60befc9fc0fb7,,field_6387359a51f50,no,field_6540c7c45e610,no,field_6492d8387acaf,,field_6517fe43bc95f,no,field_6570174679980,no, ,0,default,default,default,default,default,default,default,0,0,default,1734596116,110101011110110010100000011110100011010000010111,true,backend,9360734524012036,yes,yes,,product,no,,Color,"Black, Red, White",1,1,,,,,,,,,,,field_60befc9fc0fb7,,,,,,,,,,,,,,,,,,,,,,,,,,,,,,,,,,,,
11358,simple,,,ESPRESSO CAPPUCCINO MACHINE-COMPATTA JOLLY,1,0,visible,"The ""Espreso Cappuccino Machine - Compatta Jolly"" is a sleek and compact appliance designed to bring the delightful flavors of espresso and cappuccino into the comfort of your home or office. This espresso machine combines elegance with functionality, making it an excellent addition to any kitchen or coffee station.
\n<div id=""mttContainer"" class=""notranslate"" style=""transform: translate(22px, 117px);"" aria-expanded=""false""></div>","<p style=""margin-bottom: 0; margin-top: 0px;"">• Espresso cappuccino machine</p>
\n<p style=""margin: 0; padding-top: 0;"">• 2 group / automatic</p>
\n<p style=""margin: 0; padding-top: 0;"">• boiler capacity: 8 lt</p>
\n<p style=""margin: 0; padding-top: 0;"">• Automatic or semiautomatic coffee &amp; hot water portion control</p>
\n<p style=""margin: 0; padding-top: 0;"">• Bodywork all S/S w/ painted iron parts (black / white / red)</p>
\n<p style=""margin: 0; padding-top: 0;"">• Stainless steel steam and water wands</p>
\n<p style=""margin: 0; padding-top: 0;"">• Coffee pre-infusion system &amp; thermosiphon system</p>
\n<p style=""margin: 0; padding-top: 0;"">• Copper boiler (Cu 99,5) w/ anti-oxidationtreatment</p>
\n<p style=""margin: 0; padding-top: 0;"">• The drip tray can be set to two different levels to accommodate different size of cups / glasses</p>
\n<p style=""margin: 0; padding-top: 0;"">• Weight : 60 kg</p>
\n<p style=""margin: 0; padding-top: 0;"">• thermal power : 3000 watt</p>
\n<p style=""margin: 0; padding-top: 0;"">• voltz : 220-240 V / 1 N / 50-60 hz</p>
\n<p style=""margin: 0; padding-top: 0;"">• Dim: 665 x 540 x 510 mm ( w+d+h)</p>
\n<p style=""margin: 0; padding-top: 0;"">• COMPATTA JOLLY/ SAB ESPRESSO/ italy made</p>
\n
\n<div id=""mttContainer"" class=""notranslate"" style=""transform: translate(505px, 14px);"" aria-expanded=""false""></div>",,,taxable,,1,,,0,0,,,,,1,,,7171,"COFFEE & BAR LINE, COFFEE & BAR LINE > Coffee Machines",,,"https://mariotstore.com/wp-content/uploads/2024/10/coffee-machine-black.png, https://mariotstore.com/wp-content/uploads/2024/10/coffee-machine-black.png, https://mariotstore.com/wp-content/uploads/2024/10/coffee-machine-silver.png, https://mariotstore.com/wp-content/uploads/2024/10/coffee-machine-white.png, https://mariotstore.com/wp-content/uploads/2024/10/SAB3.jpg, https://mariotstore.com/wp-content/uploads/2024/10/ESPRESSO-CAPPUCCINO-MACHINE-COMPATTA-JOLLY.jpg, https://mariotstore.com/wp-content/uploads/2024/10/ESPRESSO-CAPPUCCINO-MACHINE-COMPATTA-JOLLY-inox-removebg-preview.png, https://mariotstore.com/wp-content/uploads/2024/10/image-removebg-preview-11.png",,,,,,,,,0,,SAB,Brand,SAB,1,1,,,,,default,1,1,125,index,59,0,0,,"ESPRESSO CAPPUCCINO MACHINE,ماكينة اسبريسو كابتشين,ماكينة اسبريسو",,,,,,,,field_60befc9fc0fb7,,field_6387359a51f50,no,field_6540c7c45e610,no,field_6492d8387acaf,,field_6517fe43bc95f,no,field_6570174679980,no, ,0,default,default,default,default,default,default,default,0,0,default,1734595055,011111001010111010001101010110000010010001101011,true,backend,,,,,,,,,,,,,,,,,,,,,,,,"11361,11360,11359,11362",,,,,,,,,,,,,,,,,,,,,,,,,,,,,,,,,,
11367,simple,,,ESPRESSO CAPPUCCINO MACHINE-2GR-PRESTIGE AUTO-BLACK/ W-KIT GAS,1,0,visible,"<span style=""color: #ff0000;"">. 2 group / automatic / with GAS KIT</span>
\n. boiler capacity: 13.5 lt / <span style=""color: #ff0000;"">color: black</span>
\n• Weight : 60 kg.
\n• thermal power : 3000 watt
\n• voltz : 220-240 V / 1 N / 50-60 hz.
\n<span style=""color: #3366ff;"">. Dim: 725 x 545 x 520 mm ( w+d+h).</span>
\n2GR-PRESTIGE AUTO-BLACK/ W-KIT GAS / SAB ESPRESSO/ italy made.","<p style=""text-align: left; margin-bottom: 0; margin-top: 0px;"">• Espresso cappuccino machine</p>
\n<p style=""text-align: left; margin: 0; padding-top: 0;"">• 2 group / automatic / with GAS KIT</p>
\n<p style=""text-align: left; margin: 0; padding-top: 0;"">• boiler capacity: 13.5 lt / color: black</p>
\n<p style=""text-align: left; margin: 0; padding-top: 0;"">• Automatic or semiautomatic coffee &amp; hot water portion control</p>
\n<p style=""text-align: left; margin: 0; padding-top: 0;"">• Bodywork all S/S w/ painted iron parts (black / white / red)</p>
\n<p style=""text-align: left; margin: 0; padding-top: 0;"">• Stainless steel steam and water wands</p>
\n<p style=""text-align: left; margin: 0; padding-top: 0;"">• Coffee pre-infusion system &amp; thermosiphon system</p>
\n<p style=""text-align: left; margin: 0; padding-top: 0;"">• Copper boiler (Cu 99,5) w/ anti-oxidationtreatment</p>
\n<p style=""text-align: left; margin: 0; padding-top: 0;"">• The drip tray can be set to two different levels to accommodate different size of cups / glasses</p>
\n<p style=""text-align: left; margin: 0; padding-top: 0;"">• Weight : 60 kg</p>
\n<p style=""text-align: left; margin: 0; padding-top: 0;"">• thermal power : 3000 watt</p>
\n<p style=""text-align: left; margin: 0; padding-top: 0;"">• voltz : 220-240 V / 1 N / 50-60 hz</p>
\n<p style=""text-align: left; margin: 0; padding-top: 0;"">• Dim: 725 x 545 x 520 mm ( w+d+h)</p>
\n<p style=""text-align: left; margin: 0; padding-top: 0;"">• 2GR-PRESTIGE AUTO-BLACK/ W-KIT GAS / SAB ESPRESSO/ italy made</p>",,,taxable,,1,,,0,0,,,,,1,,,9622,"COFFEE & BAR LINE, COFFEE & BAR LINE > Coffee Machines, Special Offer",,,https://mariotstore.com/wp-content/uploads/2024/10/ESPRESSO-CAPPUCCINO-MACHINE-2GR-PRESTIGE-AUTO-BLACK-W-KIT-GAS.jpg,,,,,,,,,0,,SAB,Brand,SAB,1,1,Type of Product,Espresso Cappuccino Machine,1,1,default,1,1,125,index,63,0,0,,"ESPRESSO CAPPUCCINO MACHINE-2GR-PRESTIGE AUTO-BLACK/ W-KIT GAS,ماكينة اسبريسو غاز,ماكينة اسبريسو",,,,,,,,field_60befc9fc0fb7,2GR-PRESTIGE AUTO-BLACK,field_6387359a51f50,no,field_6540c7c45e610,no,field_6492d8387acaf,,field_6517fe43bc95f,no,field_6570174679980,no, ,0,default,default,default,default,default,default,default,0,0,default,1734595269,110101011010010010101000011101101110010000010111,false,,8999233860193815,yes,yes,,product,no,salescountdowntimer,,,,,,,,,,,,,,,,,,,,,,,,,,,,,,,,,,,,,,,,,,,,,,,,,,,
